"""Fully 93% of cases of autism begin after children are vaccinated! Dr. Joseph Mercola/particularly indicts the hepatitis B vaccine, given on the child's first  day of life. At that time, children do not have a developed immune system &amp; their nervous system is very vulnerable.""",1,4,-1
"NEEDLE NAZIS and the impending MEDICAL HOLOCAUST of compulsory vaccination create such devastation that if I don't look/inhale something simple and beautiful a few times a day, it gets hard to breathe. https://t.co/LxsysuulKt",0,14,-1
"https://t.co/hJV3pgqaLR https://t.co/Z4UCLLW3wH  The SV40/vaccine connection/ foreign med journal.Polio vaccines/monkey virus SV40 contamination--cancer. Inheritable virus also sexually transmitted, &amp; by the blood.  ""The road to hell is sometimes paved with good intentions""",1,2,0
"""...the Salk polio vaccine was said to carry a monkey retrovirus (from  cultivating the vaccine on monkey organs) that produces inheritable  cancer. The monkey retrovirus SV40 keeps turning up in human cancer  sites."" https://t.co/uqeJ77HJ4W",1,2,0
"@InformdConsent After ""likely exposure""? --they don't know. Much more likely to a recently vaccinated person shedding and spreading disease. https://t.co/fRKTjCazmU",1,14,-1
"https://t.co/PIsfnsHOWDhttps://t.co/4CswA0ZE4GVax-Unvax study of mice implicates Hepatitis B vaccine, media silent",0,14,0
"https://t.co/Y7mq4RKkVa  47,500 paralysis cases after polio vaccine--""Polio vaccines are causing paralysis and death in India and the local  press is reporting it (not the US press, of course). This article is  from the largest circulation English language paper in South India.""",1,2,0
"Now Merck is in trouble. With a victory like this, lesser and similar vaccine reactions could now be litigated. https://t.co/ax88FdBizc",0,14,0
"He also recommended that the MMR vaccine be split up BACK into separate vaccines. If you have ever witnessed the behavior change first hand, and I hope you don't, your opinion of vaccines might be different. https://t.co/ydywSg0IDh",1,2,0
Don't forget damaging vaccine contents. Or do those not count? https://t.co/4GoUwqVuI2,1,1,-1
Who should be your next elected official? One who believes in vaccine safety. Not one who promote unsafe vaccines just because it's the right thing to do. https://t.co/9DFqVCYe8o,1,6,1
"Also, vaccines are not considered drugs and do not have the staged trials that regular drugs go through. Therefore, as long as the manufacturers think they're safe, we've captive to their system. https://t.co/T73Bra34Az",1,2,-1
"CDC Director: do you know what causes autism? If you do, please tell us. If you don't, then how do you know vaccines can't cause autism? Please don't use the excuse, ""because many more children don't regress after being vaccinated or vaccines have saved millions of lives"". https://t.co/x1jlArcZnh",1,4,-1
"Using Darwin's theory ""Survival of the Fittest"", if you can survive Big Pharma's vaccines, you'll have the opportunity to pursue what life has to offer. https://t.co/6KB5DzbkVb",1,2,-1
And inject his grand kids with 14 vaccines let him watch the results. https://t.co/OmZUJcCt37,0,14,0
"Says the pro-vaccine goto guy _ÑÒEverything people are worried about, like autism or developmental delays, doesn_Ñét happen"" said Dr. Paul Offit, an infectious diseases expert at Children_Ñés Hospital of Philadelphia. Get this guy some new glasses and a jail cell.",1,4,-1
"So the only way to prevent the ""new polio vaccine"" from spreading polio is to vaccinate the entire planet with the ""new vaccine"" at approximately the same time. #vaccines #polio https://t.co/xJkOCEyI4G",0,3,1
"@Melissa232220 @FLOTUS @realDonaldTrump Big pharma was about to stop making #vaccines because of law suits. Then they were given total immunity by the gov to continue making vaccines. Therefore, they know vaccines cause injury &amp; have done nothing abou",1,2,-1
@TweetingAutism @katiewr31413491 This reads like foreshadowing to be a witness against parents who don't vaccinate.,0,14,0
Typical scare tactic promoting a false narrative. An unvaccinated carrier with a lethal bacteria which 1 out of every 10 people have. Sounds like a sales pitch for another vaccine. Sounds more like defective vaccine. https://t.co/CJoJs1d8At,0,14,-1
More countries - please follow suit. Stand up to big pharma's poison. Demand safer vaccines - IF THERE IS SUCH A THING. https://t.co/fQ7a0J12sZ,1,6,-1
"Different / spreading out vaccine schedule could still cause Autism. If your child has a compromised immune system caused by vaccine A, then the next vaccine, vaccine B can cause damage. Then keep repeating pattern forward. Not a viable solution. https://t.co/OzIpR3BZvL",1,2,-1
"@realiwasframed Hi Mike, I can understand if you believe that vaccines cannot cause injury because you've never witnessed it firsthand. If it happens to you or someone you know, and I hope it does not, your opinion might change.",0,2,-1
"Big pharma was about to stop making #vaccines because of law suits. Then they were given total immunity by the gov to continue making vaccines. Therefore, they know vaccines cause injury &amp; have done nothing about it. Soon they will be forced upon us. Way to go corrupt lawmakers.",1,2,-1
Especially since our grand parents are not fully vaccinated like children today. https://t.co/6SN23Zbpch,0,14,0
"WHY the mainstream media will not report vaccine injuries. Advertising Dollars-ads are not to sell products-they are to control the media-if they happen to increase sales, that's a bonus. Losing sales to injuries is worth more, so NO negative press on main stream media. https://t.co/1I8jPFV97L",1,2,-1
"How about learning what happens when you vaccinate with too many vaccines. My guess, you're not allowed. https://t.co/QU7DaZzlad",0,14,0
Time to start revaccinating those who profess vaccines are safe (weight adjusted). https://t.co/XkG5hPWmth,0,14,0
Idea for those who want to change vaccine laws. Get revaccinated (weight adjusted) (CDC Schedule) before they sentence children to forced vaccination.,0,14,0
Vaccinate pregnant women? Find another planet. We have enough vaccine injured children. https://t.co/JEzAJQr1yf,1,2,-1
"Question: who really started the anti-vax movement?Answer: vaccines!",0,14,-1
"Everyone, please re tweet this article.#vaccines#autism#alumimum#thimerosal https://t.co/T1nrixKJll",1,4,-1
"Lactate, not vaccinate! https://t.co/NQY441QuXR",0,14,-1
"Scientists don't understood how aluminum adjuvants work. They are added to vaccines to enhance immune response, because they seem to work even though no one knows why. That's science for you. That's trust us vaccines are safe-science cited by Offit to justify vaccination.",0,1,-1
"If one vaccine can cause injury, think about what the cumulative effect of many vaccines will do!",1,2,-1
"@and_kell @ThisMomHCN Gates and the polio disaster. They would have been better off without being vaccinated. Instead, he spread paralysis and death. The money he spent would have been better digging better water wells and adding purification.",1,2,-1
Bill Gates polio vaccine program is a total failure and MSM doesn't report it.,0,14,-1
Hypothetical: CDC admits vaccines cause autism. What happens next?,1,4,-1
"@darcieds I understand if people don't believe in a vaccine/autism link. They've never witnessed regression &amp; the behavioral change. No way it's a coincidence. If it happens to them, &amp; I hope it doesn't, their opinion might change. Parents have no",1,4,-1
"I understand if people don't believe in a vaccine/autism link. They've never witnessed regression &amp; the behavioral change. No way it's a coincidence. If it happens to you, &amp; I hope it doesn't, your opinion might change. Parents have nothing to gain, pharma has everything to loose",1,4,-1
"@lifebiomedguru @cdc 1)  ...vaccinated before 18 or before 24 months (no data)2)  ...3- to 5-year age group (no data)",0,14,0
"Herd immunity is thrown around like gospel, much of the protection #vaccines offer has actually been shown to wane rather quickly. Vaccine-acquired artificial immunity does not work the same way as the naturally acquired immunity you get after recovering from the disease.",1,3,0
"If the vaccine doesn't work, give more vaccines?? https://t.co/G2uOdO1pAf",0,3,0
Research funded by Autism Speaks: no mention of vaccines. https://t.co/9QCM0gzmnY,1,4,0
"Anyone who has seen the reaction after a #vaccine, knows, it's the vaccines. Trying to convince an entity that knows its the vaccines and lies about it is useless. Corruption is at the top.",1,6,-1
"With sarcasm: C-section, baby formula, older men, older women, genetics causes autism. Everything but vaccines. Perfectly safe. No problem here.",1,4,-1
Are vaccines population control. Survival of the fittest induced by man. https://t.co/KkZ2I1zJq7,1,2,-1
"#Vaccine manufacturers are not required to demonstrate vaccines actually reduce the rate of disease contraction, contagion, complication or mortality and improve health. It is simply assumed that elevated antibody levels equate to immunity despite the lack of supporting evidence.",1,3,-1
"Vaccine manufacturers are not required to demonstrate vaccines actually reduce the rate of disease contraction, contagion, complication or mortality and improve health. It is simply assumed that elevated antibody levels equate to immunity despite the lack of supporting evidence.",1,3,-1
"With sarcasm, ""vaccines are perfectly safe - yeah, when they sit on a shelf in a refrigerator."" https://t.co/zfpJIiFN4M",0,2,-1
"With sarcasm, ""it couldn't be the vaccines, they're perfectly safe"". https://t.co/FRgTtviRBG",0,2,-1
"Anyone who has seen the reaction after a vaccine, knows, it's the vaccines. Trying to convince an entity that knows its the vaccines and lies about it is useless. Corruption is at the top. https://t.co/kxqOH6EBfV",1,6,-1
"Anyone who has seen the reaction after a vaccine, knows, it's the vaccines. Trying to convince an entity that knows its the vaccines and lies about it is useless. Corruption is at the top. https://t.co/aDSPWTRBLJ",1,6,-1
"HPV vaccine came out in 2006 and it's touted to prevent cancer later in life. Can I have your crystal ball? Yes it's a vaccine that builds immunity against CERTAIN viruses that cause cancer. So if you don't get cancer, it's because of the vaccine or the bananas you ate. https://t.co/OIDD6bQYvx",0,3,-1
"Anyone who has seen the reaction after a vaccine, knows, it's the vaccines. Trying to convince an entity that knows its the vaccines and lies about it is useless. Corruption is at the top. https://t.co/eUTwYy6elY",1,6,-1
"Do we really need the exact cause? Anyone who has seen the reaction after a vaccine, knows, it's the vaccines. Trying to convince an entity that knows its the vaccines and lies about it is useless. Corruption is at the top. Bring vaccine injured to Washington.",1,6,-1
"Call me crazy for writing this but, the words ""vaccine"" and ""safety"" do not belong together. https://t.co/aCRVueqKDQ",1,2,-1
"Anyone who has seen the reaction after a vaccine, knows - its the vaccines. Now, trying to convince an entity that knows its the vaccines and lies about it is useless. Everyone has to say no thank you and maybe then an entire change at the top will happen. https://t.co/JLHLNsowQ2",1,3,-1
"Spacing out vaccines is not an effective method to prevent autism. If you can not detox heavy metals, it will not matter if an infant only receives 1 vaccine. Toxic chemicals will cause damage. Early life changes are there but subtle. Prevention is better than any cure. #autism",1,4,-1
Make vaccines safer. Then you won't have to harass parents. https://t.co/x39KT7hbFc,0,2,-1
"Article basically says, #vaccines cause #autism because too much aluminum is injected. They have immunity from lawsuits, lobbyists to sway law makers &amp; the ability to remove scientists who disagree. A collar has been created &amp; it's tightening rather quickly. https://t.co/o9dynFH91n",1,4,0
"As society is learning more and more about the failure of vaccine science, our ability to opt out is slowly slipping away. This monopolistic practice needs to stop. It's not a coincidence! It's by design. Our elected officials need to be replaced. https://t.co/7ZoV2gyuHU",0,14,-1
"As society is learning more and more about the failure of vaccine science, our ability to opt out is slowly slipping away. This monopolistic practice needs to stop. It's not a coincidence! It's by design. Our elected officials need to be replaced.",0,14,-1
The page doesn't exist anymore. Probably because it shows vaccines don't work. #Vaccines https://t.co/4M2pL2MGov,0,3,0
"Still want to trust Vaccine Safety Science: for the purpose of evaluating safety and efficacy, vaccine clinical trials often use an aluminium-containing placebo, either containing the same or greater amount of aluminum as the test vaccine. We were and still are scammed.",1,2,-1
"When #aluminum comes from a vaccine, it stays in the body, and studies have shown that the adjuvants do not stay localized but rather travel to the brain where they can be detected up to a year after the injection.",1,2,-1
New study shows INCREASES risk of cervical cancer in women who received the HPV vaccine. The increase was particularly steep (20%) over the two-year... https://t.co/uqdoPV7uqZ,1,2,0
"Animals can also sometimes be negatively affected by vaccines as this interesting case of a cat developing leukemia after a vaccination illustrates. The cat was helped with the homeopathic remedy Thuja, which is often used for vaccinosis. https://t.co/83c34mkGX2",2,14,-1
Exactly what I said when the data was released. Canada has more autism in regions where vaccine coverage is highest! https://t.co/9lmuplX7QX,1,4,-1
How about a little bit of Rover with your flu vaccine? Flucelvax is grown in dog kidney cells. Cocker Spaniel to be precise. Think you're not going to get a bit of dog DNA with it? Think again. But giving a child a homeopathic... https://t.co/O8uTa4XpRJ,1,1,-1
"This Board-certified pediatrician who used to be a vaccine bully, started doing his own research after he saw a child regress into autism and another child die of SIDS after vaccines. He found that unvaccinated children are the healthiest, vaccinated... https://t.co/zaPeUau2H4",1,4,-1
"This Board-certified pediatrician who used to be a vaccine bully, started doing his own research after he saw... https://t.co/zaPeUau2H4",1,4,-1
"So this pediatrician is AGAINST informed consent on vaccination - because it's not convenient for him, too time consuming and parents might just refuse, oh my https://t.co/j2GSpwJF94",0,14,-1
"Non-existent vaccine safety science 101: At the recent meeting of the ACIP (Advisory committee on immunization practices, a division of the CDC) a new hepatitis B vaccine was voted in. It contains a novel... https://t.co/Og6uGDaD3f",1,2,-1
"New study from India showed doubling of deaths after introduction of the pentavalent vaccine (5 in 1 shot, including DPT) over the trivalent DPT shot. https://t.co/CxyAQmz6GA",1,2,-1
"Vaccines can be so confusing! There is a slew of vaccines available and marketed for babies and children, but... https://t.co/EiCfW2zinR",1,14,-1
"Vaccines can be so confusing! There is a slew of vaccines available and marketed for babies and children, but... https://t.co/NvkbgCw1N2",1,14,-1
"Back from May 2015, France no longer recommends rotavirus vaccine due to complications and deaths from... https://t.co/kMWPMVXeie",1,2,-1
"The tides are changing: This article, critical of the silencing of discussions around vaccines safety, was just... https://t.co/NKIooitYeP",1,2,-1
Attention Ontario parents: This is a petition to stop mandatory vaccination education sessions for parents in... https://t.co/mnaLhNgMCI,0,14,-1
Official CDC document shows 'recipe' to create a media fear campaign with the aim to foster 'high vaccination... https://t.co/nlbEk288E0,1,6,-1
While California and Italy are mandating vaccines and Australia is threatening to jail nurses and midwives who... https://t.co/NhZtULgp1V,1,6,-1
"Vaccines made in China and India? Perhaps a problem if 20,000 doses of expired and improperly stored vaccines... https://t.co/rHWq3TWOgk",1,2,-1
This is how you handle a medical doctor trying to intimidate you into signing a refusal to vaccinate form - in... https://t.co/VOy4m5eJnP,1,14,-1
Another pediatrician speaking out: Unvaccinated children are the healthiest and he's seen children descend into... https://t.co/ggre0J0rVX,1,2,-1
Terrible news of the day: Daughter of a patient's friend was injected with HPV vaccine at school yesterday... https://t.co/WgNa1aez8c,1,2,-1
"5700 cases of seizures after measles vaccine per year in the US? ""As it has not been proven that the MMR vaccine... https://t.co/UfiOszWbA9",1,2,-1
"5700 cases of seizures after measles vaccine per year in the US? ""As it has not been proven that the MMR vacci... https://t.co/lmiqzQ1NPf",1,2,-1
Back in 2014: GlaxoSmithKline will not restart production at a vaccine plant in Belgium until an independent... https://t.co/VdwH3I4Gh9,1,2,-1
"Important: Recent court ruling found that vaccines caused SIDS death. A lot, if not most, SIDS deaths as well as... https://t.co/1rZ58FWJSs",1,2,-1
Can pro and prebiotics make a vaccine work better? This study found that people taking pre or probiotcs had a... https://t.co/TMeLMTHuIY,1,2,-1
Interesting story on how a nurse practitioner completely changed her views on vaccines after she did research to... https://t.co/pOGatA0kpO,1,2,-1
"Great discussion around aluminum in vaccines with Del Bigtree, the producer of VAXXED and parent expert JB... https://t.co/T5EI2DItfJ",1,1,-1
Do you ever wonder who actually pays for vaccine safety studies? You'll be sorry you asked after reading this... https://t.co/Pp5WjM0IJW,1,6,-1
"Gardasil, the HPV (Human Papillomavirus) vaccine has been the subject of debate worldwide since it was... https://t.co/rXCnX3wJyd",1,2,-1
"Gardasil, the HPV (Human Papillomavirus) vaccine has been the subject of debate worldwide since it was fast-tra... https://t.co/1QTnMPv5wy",1,2,-1
Love my son - my face of autism - who turned 26 today. The world wants to tell me vaccines not responsible. When he was born we didn_Ñét need a world day for autism. We better figure out why 1 in 65 boys in some places now and figure it out soon.  #alarming #worldautismawarenessday https://t.co/XHrsIV9AI2,1,4,-1
Study: Vitamin D Effective in Preventing Flu Only Among Non-vaccinated Population - Read more:  https://t.co/Yw0tlCVcqx - #Vaccines #BigPharma #VitaminD #NaturalHealth #Flu https://t.co/nKNNaXKmpm,1,3,-1
"Vaccinated versus Unvaccinated Study of Mice Links Hepatitis B Vaccine to Autism#Vaccines #Autism #BigPharma #CDCWhistleblower #CDCFraudRead more: https://t.co/pudDFVwPpJ https://t.co/YxSHwQXk4O",1,4,-1
@ThisMomHCN @vaccineimpact @POTUS @VP @FLOTUS Thanks for the #retweet! Expose the Truth!,0,14,0
"$101 Million Dollar Vaccine Injury Award for Encephalopathy from MMR Vaccine https://t.co/qnsLql9nM2 #vaccines #vaxwithme #VAXXED#vcaccineswork",1,2,-1
#vaccines #Vaxxed #vaxwithme #vaccines https://t.co/aeGFrpDdlt,1,2,-1
This work reveals for the first time that early HBV [Hepatitis B] vaccination induces impairments in behavior and hippocampal neurogenesis.https://t.co/PZ4h6soDbx #VaccinesWork #vaxwithme #vaxxed #vaccines,1,2,1
Vaccines are mutating and causing deadlier strains says Dr Judy Mikovits https://t.co/qbVg5TIfU9 #vaxwithme #vaxxed #vaccineswork #vaccines,1,2,-1
https://t.co/QyIctuaMnu #vaxwithme #vaccineswork #vaxxed #vaccines,1,2,-1
https://t.co/wxRSmbnddk #vaccines #VAXXED #VaccinesWork #vaxwithme,1,2,-1
For those pushing this defective vaccine it causes shingles when it supposed to prevent it https://t.co/4qhRiBnimK #vaxwthme #vaxxed #vaccines #vaccineswork,1,2,-1
"For the first time, the number of children paralyzed by mutant strains of the polio vaccine are greater than the number of children paralyzed by polio itself. https://t.co/iYv5bjMyfn #vaxwithme #vaxxed #vaccines #vaccineswork",1,13,-1
#vaccineswork #vaxwithme #vaxxed #vaccines #vaccineswork https://t.co/HLvW8v2Mu7,1,2,-1
Government continues depopulation program via vaccines https://t.co/9LL8jBMOit #vaxwithme #vaxxed #vacciineswork #vaccines,1,6,-1
Celebrities standing up to Big Pharma bringing out their views https://t.co/HrhDuk0FBk #vaxwithme #vaxxed #vaccines #vaccineswork #vaxwithme #vaxxed,1,6,-1
"Scientific researchers have discovered that the infectious disease Hand,Foot and Mouth Disease is vaccine-induced and then spread to others through shedding from the Polio Vaccine https://t.co/0cnEMJJE2v #vaxwithme #vaxxed #vaccines #vaccineswork #vaxwithme #vaxxed",1,2,-1
For people that have gone blind or got shingles from vaccine this is for you https://t.co/w4MpdkPI8z #vaxwithme #vaxxed #vaccines #vaccineswork #vaxwithme #vaxxed,1,2,-1
https://t.co/8z8bLMgsSB #vaxwithme #vaccineswork #vaccines #vaxxed,1,2,-1
Del Bigtree on the rampage with new gardasil study that says the vaccine causing infertility and other interesting topics #vaxwithme #vaxxed #vaccines #vaccineswork  https://t.co/hptiebdWHK,1,2,-1
@Charbrevolution Were with you the cult is gaining strength everday with every vaccine injury,1,2,-1
scientific research team in Sweden has uncovered evidence that cervical cancer is caused by HPV vaccines https://t.co/8DeGZXAXd0 #vaxwithme #vaxxed #vaccines #vaccineswork,1,2,-1
"What is in your vaccine. Mass Sterilization of Millions of African Girls through Tetanus Vaccine Scandal Broadens as Kenyan Laboratory Attackedhttps://t.co/wAwLpNfO1f #vaxwithme #vaxxed #vaccines #vaccineswork",1,1,-1
#vaxwithme #vaxxed #vaccines https://t.co/R9TrwqXikm,1,2,-1
#vaxwithme #vaxxed #vaccines #vaccineswork https://t.co/TNV7uTs5sb,1,2,-1
CDC finally admitting there are problems with the flu shot #vaxwithme #vaxxed #vaccineswork #vaccines https://t.co/XwHVK2tcnt,1,2,-1
#vaxwithme #vaxxed #vaccines #vaccineswork https://t.co/E4Kjys2bjW,1,2,-1
#vaxwithme #vaxxed #vaccines #vaccineswork #vaxwithme https://t.co/lB3pOZPW8o,1,2,-1
#vaxwithme #vaxxed #vaccines #vaccineswork https://t.co/LmRASqBUVX,1,2,-1
#vaxwithme #vaxxed #vaccines #vaccineswork https://t.co/I3BxqmCXw9,1,2,-1
"""This is when we were informed that Jude's suffering was a result of the rotavirus vaccine. The live virus multiplied and spread hard and fast through Jude's tiny body,"" Sonya said. https://t.co/5UdVWAt1yQ #vaxwithme #vaxxed #vaccines #vaccineswork #vaxwithme #vaxxed",1,2,-1
After 14 vaccines at one dr visit child digress into autism. This is a sad story of Vaccine injury https://t.co/uLU10wTzgj #vaxwithme #vaxxed #vaccines #vaccineswork,1,4,-1
For those people that think vaccines are safe and effective read on! https://t.co/llyyXUS0ba #vaxwithme #vaccineswork #vaccines #VAXXED,1,2,-1
Arguments provaxxers use https://t.co/WMeJfWuaZP #vaxwithme #vaxxed #vaccines #vaccineswork,1,14,-1
From a nurse perspectives. Did you know vaccine manufacturers are not liable for vaccine injury. Gilliam Barre listed on vaccine insert as adverse reaction..   https://t.co/zDOzmHcHQt #vaxwithme #vaxxed #vaccines #vaccineswork,1,6,-1
https://t.co/XSePoe78kj #vaxwithme #vaxxed #vaccines #vaccineswork #vaxwithme #vaxxed,1,2,-1
#vaxwithme #vaxxed #vaccines #vaccineswork https://t.co/cts5XLNUbt,1,2,-1
#vaxwithme #vaxxed #vaccines #vaccineswork https://t.co/qEdPhHGHNc,1,2,-1
This work reveals for the first time that early HBV [Hepatitis B] vaccination induces impairments in behavior and hippocampal neurogenesis.ë_https://t.co/PZ4h6soDbx #vaxwithme #vaxxed #vaccines #vaccineswork,1,2,-1
Disgusting process on how vaccines are made. No chicken should have to be part of this discusting process  https://t.co/JXdpYklq2I #vaxwithme #vaxxed #vaccines #vaccineswork,1,1,-1
#vaxwithme #vaxxed #vaccines #vaccineswork https://t.co/8lN7Z0hTUD,1,2,-1
#vaxwithme #vaxxed #vaccines #vaccineswork #vaxwithme https://t.co/51gchVMVFN,1,2,-1
The author quoted a parent whose daughter received the varicella vaccine at age four (having never had natural chickenpox) and then had recurrent and painful episodes of shingles at ages 13 and 16 https://t.co/2h71gk1OOj #vaxwithme #vaxxed #vaccines #vaccineswork,1,2,-1
#vaxwithme #vaxxed #vaccines #vaccineswork https://t.co/lkzXQCs6h3,1,2,-1
@1980Dorothy @Just4TheCause @palmer_holliday @sarahsjmk @ChelseaClinton Why don't people want to accept the truth that vaccines cause autism,1,4,-1
Ten confirmed cases were all vaccinated from whooping cough. Are we being misled to believe by big pharma that ppl are protected or just a way for them to make more money  https://t.co/AuzqQhVVrv #Vaccines #vaccineswork #vaxwithme #vaxxed #vaccines #vaccineswork,1,2,-1
#vaxwithme #vaxxed #vaccines #vaccineswork #vaxwithme https://t.co/GeovHUtLS1,1,2,-1
#vaxwithme #vaxxed #vaccines #vaccineswork #vaxwithme https://t.co/eMfCCo1vpU,1,2,-1
What does our society look like with all the vaccine injuries for the future generations. After the parents die will the none injured children have to  caretaker  https://t.co/88hdBo8IPj,1,2,-1
What does the future hold for vaccine injured people. Will they be productive members or have to be cared for all their lives. https://t.co/uP7GKJP2iY #vaxwithme #vaxxed #vaccines #vaccineswork,1,2,-1
Why would u want a vaccine that causes what it is suppose to prevent  https://t.co/7pYXhdvuCN,1,2,-1
"Can someone please explain how we survived the 1980s with vaccination rates well below ""herd immunity"" thresholds and far fewer vaccines? Why didn't everyone die?For all the haters, here's the data from CDC: https://t.co/AFlI1h4MEE #vaxwithme #vaxxed #vaccines #vaccineswork",1,11,-1
#vaxwithme #vaxxed #vaccineswork #vaccines https://t.co/kJhlUw1izl,1,2,-1
Doctor negligent after giving baby 13 vaccines multiple doses to get caught up and baby died https://t.co/6Y3JNBPv9Z #vaxwithme #vaxxed #vaccines #vaccineswork #vaxwithme #vaxxed,1,13,-1
We have to communicate what is going on with vaccine injuries  https://t.co/JZECLrjC8k #vaxwithme #vaxxed #vaccines #vaccineswork,1,2,-1
Chiropractor vaccine free and kids and hardly ever get sick she treats alot of Vaccine injured people https://t.co/hKXJ2IkFVj #vaccines #vaccineswork #vaxwithme #vaxxed,1,2,-1
pharmacists say she will never vaccinate again what is going on https://t.co/GQCdqKDT8N #vaxwithme #vaxxed #vaccines #vaccineswork,1,2,-1
NEW STUDY: Aluminum In Vaccines Unsafe https://t.co/nz70qwwSRI #vaxwithme #vaxxed #vaccineswork #vaccines,1,1,-1
Siblings are the silent victims of Vaccine iinjuries https://t.co/Sryw4d53aK #vaxwithme #vaxxed #vaccines #vaccineswork #vaxwithme #vaxxed,1,2,-1
More MDs coming forward research vaxcines https://t.co/43I7SqTUAQ #vaxwithme #vaxxed #vaccines #vaccineswork #vaxwithme,1,10,-1
9 vaccines in one day come on CDC this is asinine to think this is good. https://t.co/8avOOFxvAJ #vaxwithme #vaxxed #vaccines #vaccineswork #vaxwithme #vaxxed,1,7,-1
Research research vaccines is parents advice  https://t.co/jhlKwfyuPX #vaxwithme #vaxxed #vaccines #vaccineswork #vaxwithme #vaxxed,1,14,-1
"Yes, our children have less chickenpox due to the vaccine.ë_ However, shingles, a painful reoccurrence of chickenpox, has become an epidemic illness affecting both children and adults.https://t.co/vRnbDmgyx5 #vaxwithme #vaxxed #vaccines #vaccineswork",1,2,-1
#vaxwithme #vaxxed #vaccines #vaccineswork #vaxwithme #vaxxed https://t.co/zoAHwFktva,1,2,-1
https://t.co/e7GPbMGgtO #vaxwithme #vaxxed #vaccines #vaccineswork,1,2,-1
"@TYLERG927 @jim_herd @Stutzy6 @lifebiomedguru @and_kell We should make Paul Offit take 10,000 vaccines",0,14,-1
"Fatigue set in after Gardisil vaccine and headaches, scoliosis. Do your research  https://t.co/o2dr0NhQGo #vaxwithme #vaxxed #vaccines #vaccineswork",1,2,-1
Dr Suzanne take on Vitamin K shot https://t.co/J3QfT0ZPgQ #vaxwithme #vaxxed #vaccines #vaccineswork #vaxwithme,1,2,-1
Generation lost from vaccine injuries horrific story of family struggle.  https://t.co/N3iL2nrTmT #vaxwithme #vaxxed #vaccines #vaccineswork,1,2,-1
RN will never vaccinate again  https://t.co/A3H7xfJPi4 #vaxwithme #vaxxed #vaccines #vaccineswork #vaxwithme #vaxxed,1,2,-1
Doctors say the stupidest things when they don't know what else to say  https://t.co/QgIOq9Zhlp #vaxwithme #vaxxed #vaccines #vaccineswork,1,2,-1
NiCU nurse woke up to horrors of vaccinating premie babies and quit. https://t.co/jFNOGgKHnc #vaxwithme #vaxxed #vaccines #vaccineswork,1,2,-1
Mother was never the same after vaccination nurse came up from behind when discharge gave her the jab. Make sure that you read paperwork at hospital if u sign for whatever they feel necessary they can give u flu shot.  https://t.co/GLtjQcZvn8 #vaxwithme #vaxxed #vaccines,1,2,-1
Hep B and Vitamin K made my baby sick https://t.co/oWxw0de5Xm #vaxwithme #vaxxed #vaccines #vaccineswork #vaxwithme #vaxxed,1,2,-1
We're destroying the health of a generation https://t.co/peIrTPV1xw #vaxwithme #vaxxed #vaccines #vaccineswork #vaxwithme #vaxxed,1,2,-1
@and_kell @ThisMomHCN Please listen to vaccine injury stories. Pediatricians will say the vaccines aren't the problem but parents know better https://t.co/WihphpWjlM,1,2,-1
@and_kell @ThisMomHCN You should listen to the patients about their kids regression after  vaccines. Listen to vaxxed injury stories  https://t.co/WihphpWjlM,1,2,-1
My vaccinated child gave my 4 month old baby chickenpox https://t.co/YHkITJ6RmC #vaxwithme #vaxxed #vaccineswork #vaccines,1,2,-1
Eric's life before and after vaccines https://t.co/PI9XhAS0Hz #vaxwithme #vaxxed #vaccines #vaccineswork #vaxwithme #vaxxed,0,2,-1
No more vaccines for this family https://t.co/C3cklw0ly3 #vaxwithme #vaxxed #vaccines #vaccineswork #vaxwithme #vaxxed,1,2,-1
Vaccines ruined daughter life. Won in vaccine court https://t.co/7QiuR3sQkV #vaxwithme #vaxxed #vaccines #vaccineswork #vaxwithme #vaxxed,1,2,-1
Son diagnosed with enlarged kidney but still was vaccinated. Should not vaccinate sick child. Doctors should be held liable. https://t.co/7p7e8e4lcF #vaxwithme #vaxxed #vaccines #vaccineswork #vaxwithme #vaxxed,1,2,-1
Daughter died from the HPV vaccine. This is such a sad story. https://t.co/h7ouuVbxX4  #vaxwithme #vaxxed #vaccineswork #vaccines,1,2,-1
45 minutes later son died after vaccine https://t.co/gf8oPmvL52 #vaxwithme #vaxxed #vaccines #vaccineswork #vaxwithme #vaxxed,1,2,-1
Flu vaccine killed daughter https://t.co/gFbmCXReUT #vaxwithme #vaxxed #vaccines #vaccineswork #vaxwithme #vaxxed,1,2,-1
Doctor kept vaccinatong even though son was sick https://t.co/kc0jjBR3Z8 #vaxwithme #vaxxed #vaccines #vaccineswork #vaxwithme #vaxxed,1,2,-1
Vaccines completely destroyed sons life https://t.co/kc0jjBR3Z8 #vaxwithme #vaxxed #vaccines #vaccineswork #vaxwithme #vaxxed,1,2,-1
Scientist will never vaccinate again.  https://t.co/xYnJTVVVG4 #vaxwithme #vaxxed #vaccines #vaccineswork #vaxwithme #vaxxed,1,2,-1
Doesn't want to go back to orking with Big Pharma https://t.co/PX8qVbqEl2 #vaxwithme #vaxxed #vaccines #vaccineswork #vaxwithme #vaxxed,1,6,-1
Dr after having vaccine injured kids no longer vaccinates. https://t.co/13R42TUvU2 #vaxwithme #vaxxed #vaccineswork #vaccines,1,2,-1
Child's personality changed after forced vaccinations https://t.co/Mu8gL2SD2P #vaxwithme #vaxxed #vaccines #vaccineswork #vaxwithme #vaxxed #vaccines,1,2,-1
After a 10 vaccine cocktail daughter regressed. You wouldn't get 10 diseases at once. https://t.co/H9fUDMrHhY #vaxwithme #vaxxed #vaccines #vaccineswork,1,7,-1
One of the largest gaffes is that _ÑÒthe entire paradigm to aluminum dosing in vaccines [was not] determined considering body weight https://t.co/DihnOH02NC #vaxwithme #vaxxed #vaccines #vaccineswork,1,1,-1
Lisa Marks Smith vaccine court case won for flu vaccine injury the respondent opted to not to contest https://t.co/HOoqig3cYo #vaxwithme #vaxxed #vaccineswork #vaccines,1,2,-1
Received money from vaccine court https://t.co/SprpLrqnLy #vaxwithme #vaxxed #vaccineswork #vaccines,1,2,-1
Lady has been injured by the flu shot https://t.co/SprpLrqnLy #vaxwithme #vaxxed #vaccines #vaccineswork,1,2,-1
We will never vaccinate again https://t.co/ZhX0aNjlmQ #vaxwithme #vaxxed #vaccines #vaccineswork,1,2,-1
Nobody was there to help when the going got tough https://t.co/ItmQgP0Gnl #vaxwithme #vaccines #vaccineswork #vaxxed,1,2,-1
Compensated for by the National Vaccine Injury Compensation Program.  Here is proof with this case that the vaccine has caused autism. https://t.co/DJIRFFOtZW #vaxwithme #vaccines #vaccineswork #vaccines,1,4,-1
HPV Vaccines are Government sanctioned holocaust https://t.co/M5NcJz6oca #vaxwithme #vaxxed #vaccines #vaccineswork,1,6,-1
9 vaccines at once caused injury but was able to recover after 5 years https://t.co/qmuNhdasHa #vaxwithme #vaxxed #vaccines #vaccineswork #vaxwithme #vaxxed,1,2,-1
@libertytarian Who is going fact check him as he lies about aborted fetal cells in vaccines https://t.co/YldRDyBvzL,1,1,-1
Were not going to take it anymore. They know vaccines injure too there is too much money to be made. https://t.co/tuuuJzbASw #vaxwithme #vaxxed #vaccines #vaccineswork #vaxwithme #vaxxed,1,6,-1
These non vaxxers were pro vaccine till injury occurs https://t.co/oghaxhIIEn #vaxwithme #vaxxed #vaccines #vaccineswork,1,2,-1
HPV vaccine killed daughter https://t.co/yG7t3SB4RB #vaxwithme #vaxxed #vaccines #vaccineswork #vaxwithme #vaxxed,1,2,-1
I vaxxed my kid to autism https://t.co/bSyXLB2JMY @vaxwithme @vaccines @vaxxed @vaxxineswork,1,4,-1
Another death by HPV  vaccine https://t.co/jO7mMqcUos #vaxwithme #vaxxed #vaccines #vaccineswork #vaxwithme #vaxxed,1,2,-1
Doctors are ignorant about HPV vaccine injuries.  https://t.co/xYPwMXt7t6 #vaxwithme #vaxxed #vaccines #vaccineswork #vaxwithme,1,2,-1
Is HPV vaccine being used as population control https://t.co/jih4KqGN8w #vaxwithme #vaxxed #vaccines #vaccineswork,1,6,-1
#vaxwithme #vaxxed #vaccines #vaccineswork https://t.co/wBR4QlIHpg,1,3,-1
SIDS technician supervisor fired for being an advocate for a vaccine injured family  https://t.co/qz39iYR81T #vaxwithme #vaxxed #vaccines #vaccineswork #vaxwithme #vaxxed,1,6,-1
Dead doctors and GCMAF connection.  https://t.co/gklAZvX1TP #vaxwithme #vaxxed #vaccines #vaccineswork #vaxwithme #vaxxed,1,6,-1
Why is it we don't believe God make us perfect and we don't need vaccines vaccineshttps://www.youtube.com/watch?v=OjGYgvnbJbM @vaxwithme @vaccines @vaccineswork @vaxxed,1,6,-1
@warriormama1019 Yes I believe there is enough evidence to support that vaccines causes autism as it causes an immune reaction,1,4,-1
All children cannot tolerate the current vaccination schedule which is a total of 72 vaccines.  There are a lot of toxic ingredients in the vaccine.  Government should not be in the business to mandate vaccines @herbconaway,1,7,-1
Dr Tenpenny sounds the alarm on vaccine dangers where others say they r safe https://t.co/PRfhPjbvk0 #vaxwithme #vaxxed #vaccines #vaccineswork #vaxwithme #vaxxed,1,2,-1
Forced Vaccinations in the US https://t.co/sE8tpzAeot #vaxwithme #vaxxed #vaccines #vaccineswork #vaxwithme #vaxxed,1,6,-1
Developed allergies after vaccinated. Doctor falsified records. https://t.co/ofVtVszhod #vaxwithme #vaxxed #vaccines #vaccineswork #vaxwithme #vaxxed,1,2,-1
Please listen to these parents with vaccine injured kids . Do your research. There r sode effects. https://t.co/bOBCBErtoQ #vaxwithme #vaxxed #vaccines #vaccineswork #vaxwithme #vaxxed,1,2,-1
Developed allergies after vaccinated. Doctor falsified records. https://t.co/ofVtVszhod #vaxwithme #vaxxed #vaccines #vaccineswork #vaxwithme #vaxxed,1,2,-1
"Powerful scientific evidence has emerged indicating that vaccines cause brain injuryë_such as autism, epilepsy, schizophrenia, depression, attention-deficit disorder and other mental illnesses https://t.co/FlSNBygukT #vaxwithme #vaxxed #vaccines #vaccineswork #vaxwithme #vaxxed",1,4,-1
https://t.co/2rw1O1r6Kl #vaxwithme #vaxxed #vaccines #vaccineswork #vaxwithme #vaxxed,1,2,-1
Completely happy before DTP vaccine then sick after. What is going on  https://t.co/iFipYWPXB4 #vaxwithme #vaxxed #vaccines #vaccineswork #vaxwithme #vaxxed,1,2,-1
Lost life she knew after Tdap vaccine https://t.co/jEylGeFiJp #vaxwithme #vaxxed #vaccines #vaccineswork,1,2,-1
I gave up being a nurse because of vaccines https://t.co/jEylGeFiJp #vaxwithme #vaxxed #vaccines #vaccineswork,1,2,-1
"Powerful scientific evidence has emerged indicating that vaccines cause brain injuryë_such as autism, epilepsy, schizophrenia, depression, attention-deficit disorder and other mental illnesses https://t.co/FlSNBygukT #vaxwithme #vaxxed #vaccines #vaccineswork #vaxwithme #vaxxed",1,4,-1
https://t.co/u2iuw7VI0e #vaccines #vaccineswork #vaxwithme #vaxxed,1,4,-1
Why do ppl think 5 vaccines at one time is good for your baby. After MMR baby regressed https://t.co/emsHJ9C0t4 #vaxwithme #vaxxed #vaccines #vaccineswork,1,7,-1
@2ndfor1st @SuzieQT11 Along with Paul Offit and Richard Pan these ppl are dangerous lying to the ppl saying vaccines are safe and effective,1,2,-1
50 studies showing vaccines unsafe https://t.co/3ytPQ6JpqO #vaxwithme #vaxxed #vaccines #vaccineswork #vaxwithme #vaxxed,1,2,-1
Hannah and her family describe devastating effects after Gardisil vaccine https://t.co/zfeMtxcL7b #vaxwithme #vaxxed #vaccines #vaccineswork,1,2,-1
"@WorldMercury I wouldn't say that states are moving to protect children, look at California and SB277 forced vaccination law.",1,6,-1
@DocMeehan @Reece_Bridger Too bad they don't at the least do a basic search and read all sides about vaccines. The vaccine court aka NVICP  alone gives one an understanding that vaccines are dangerous.,1,2,-1
"@DrvanTilburg 5 hours in medical school studying vaccines hardly makes an M.D. knowledgeable in vaccines, that's just a ridiculous statement. They need more training like Chiropractor get in vaccines.",0,14,-1
Dr.Wakefield said his #1 concern is vaccines and autism link! And of course the bought media tries to turn it around to fit their vaccine agenda:How a disgraced British doctor has reinvented himself in anti-vaxxer Trump_Ñés America _Ñ?with deadly consequences https://t.co/cFMmiK6K9O,1,4,-1
@JeremyMcLellan Awful that you make fun of the vaccine injured that way.,0,2,-1
"@Rachel0ates So you have a lot of hate, and 'were told' during your poor training that vaccines should be worshipped for the sake of big pharma profits, I get it.There are those of us that have experienced vaccine injury including autism, and we see that ",1,4,-1
"@aspiesmom @drjanaway That's because the poor guy never studied vaccines in medical school, and was told by others that they're safe.",0,14,-1
"@bexnlenni @Charbrevolution @DoctorChristian This doctor doesn't understand vaccines, or their effects, really uneducated in the chemicals and drugs that he promotes.",0,14,-1
"@Charbrevolution @DoctorChristian He needs to look in the mirror, and then he will see a conman, selling vaccines.",0,14,-1
"When it comes to #vaccine #censorship, is the US just as bad as China? https://t.co/avxhODs4d6 #BigPharma #health",0,6,-1
Home of scientists who discovered contaminants in vaccines RAIDED; documents confiscated for the _ÑÒgood of science_Ñ? https://t.co/QIb9GAsSK2 #BigPharma #corruption #health,1,6,-1
#NorthCarolina is home to some of the biggest #drug and #vaccine manufacturers in the world. https://t.co/X0FDgEkyJ7 #NCStateBar,1,6,-1
New study proves the UNDENIABLE connection between vaccination and autism. https://t.co/qXy87h80EK #vaccines #autism #health,1,4,-1
Kidney doctor who sounded the alarm on vaccine damage was targeted for murder when the brake lines of her vehicle were secretly clamped. https://t.co/mhetqx7z1V #BigPharma #vaccines #health,1,2,-1
@Jenniferhoffman @1n2by2023 @POTUS @VP @US_FDA @CDCgov Did you at least get compensated for your vaccine injury?,0,2,-1
"Absolutely!  And this isn't isolated to medical journals. Congress found vaccine policy making advisors from the CDC and FDA weren't reporting COI's including financial ties to pharmaceutical companies. https://t.co/iwdZOoqm0A https://t.co/rXJA66v1hE",1,6,-1
"@dkegel So now we get to just guess and speculate in absence of data?That will make the anti vaccine argument much stronger, won't it?",0,14,0
"@RachelOsiris @LaLaRueFrench75 @lord_files @KimDotcom @debnantz @and_kell @HHSGov Like the flu vaccine?  How could I have possibly survived without a flu vax that was 33% effective?https://t.co/Bdfpsv19FY",0,3,-1
"Disappointing:NYC to Mandate Flu Vaccines for PreschoolersSome stats on the flu vaccine:-Only 38% of adults get a flu shot-Efficacy has only been between 23-62%, depending on yr-Vaccine injury claims have increased 3x due to the flu shot_ª¥Ê #liberty https://t.co/8n3MKdcH6a",1,2,-1
"@Cernovich And it's not just their kids, check out these CDC adult vaccination rates:Tdap-20%Herpes Zoster-27%Flu-43%Pneumococcal-20%Td-62%Hep A-9%Hep B-24%HPV-8/40%If it's so safe, why won't adults who push vaccine mandates on kids ",0,8,-1
"""Our results show that MMR vaccine_Ñ_induced antibodies wane significantly after the second dose."" https://t.co/XzKlxIjcO8",1,2,-1
"""This study showed that the majority of younger children were susceptible to MMR infection before revaccination..."" https://t.co/07y6brjjq1",1,3,-1
A protocol for investigating the association of vaccination and anti-NMDA receptor encephalitis https://t.co/sJT6GJuNXk,1,2,-1
"When it comes to #vaccine #censorship, is the US just as bad as China? https://t.co/U4QUTGMr2s #BigPharma #health",1,6,-1
Home of scientists who discovered contaminants in vaccines RAIDED; documents confiscated for the _ÑÒgood of science_Ñ? https://t.co/QNcZj59qGu #BigPharma #corruption #health,1,6,-1
#NorthCarolina is home to some of the biggest #drug and #vaccine manufacturers in the world. https://t.co/TweoXYMQCN #NCStateBar,1,6,-1
New study proves the UNDENIABLE connection between vaccination and autism. https://t.co/S0OQFRuDc2 #vaccines #autism #health,1,4,-1
Kidney doctor who sounded the alarm on vaccine damage was targeted for murder when the brake lines of her vehicle were secretly clamped. https://t.co/bRTt389Vgv #BigPharma #vaccines #health,0,14,-1
@GabrielDertzer @DoctorChristian I am here with regards to vaccine injured children. If you find that street theatre then you are very sick indeed.,0,14,0
@CharlesLazelle @emergencymedSpR Its mainly men strutting over women like me with vaccine injured kids,1,2,-1
"Replace the term anti-vaxxer with Jew, Gay, Black, Muslim - TransgenderWhy is it ok to pick on parents of vaccine injured children?Because Pharma is out to demonise us at all costs. To silence us x https://t.co/c7PjuCwxS6",1,6,-1
@Bibimunoz67 @DoctorChristian Wonderful xxxx the unvaccinated child is the healthiest,1,2,-1
@katelucywhitham @DoctorChristian Kate are you aware that vaccines cause cot death?,1,2,-1
@R7Goodman @DoctorChristian technically aluminium is a light metal but referred to as heavy in health arena as its v toxic - in vaccines too,1,1,-1
@Rainbow_L_S @DoctorChristian Would be great to know - what we do know is that the rates in the unvaccinated is considerably lower - studies prove the unvaccinated child is healthier with far less neuro issues. Not surprising as vaccines loaded with neuro,1,2,-1
@SidsMomma My dogs are healthy and unvaccinated,2,14,-1
@SyAccursed @DoctorChristian I was not just talking about the MMR. Vaccines are given alongside other vaccines. This has never been proven as safe. Babies are being harmed and killed.,1,2,-1
"@DoctorChristian Vaccines are given alongside  other vaccines at the same time. This has not been proven as safe to do so. Babies are dying from multiple vaccines in one visit You clearly have no understanding of this topic. Many babies are dead from th",1,13,-1
@HeyFLHayHay it goes with the territory when you speak up about vaccines. The abuse is phenomenal,0,14,0
"What a sick tweet - There are parents who have seen their children regress after vaccines.Dr's, District Attorney's, Lawyers, Famous Actors an Actresses and normal people like me.#Vaxxed #Sicko https://t.co/WKRzpP5Qv7",1,2,-1
"Why would you change our minds when vaccines have harmed or killed our kids?You would have to be insane to think you could and unkind to not hear or believe our stories#Vaxxed https://t.co/gV1Zxj0Cit",1,2,-1
@MaryRoseGodwin @HealthWarrior1 @ryarmst I am fed up about Drs lying about vaccine safety. Babies die its the bigger issue here Mary.,1,13,-1
"Worth a watchIt seems vaccines are weakening the blood brain barrier so viruses can attack our children's brains - rendering them with severe behavioural and health issuesHeart breaking to watch this. https://t.co/aT6GLuLa08",1,2,-1
"I am no such thingSBS is vaccine related I have done my research, it is not right parents are being jailed for this to cover u for vaccines. I do not need to be in jail for anything as I have not promoted bleach enemas for autistic kids either. It is you that is lying. https://t.co/c7qg1hT0ZJ",1,2,1
"#Mumps Outbreak in Harvard: 50 Confirmed CasesAlmost all of the ppl were fully vaccinatedhttps://t.co/8sPdcmqsUX https://t.co/2heWKEuygR",1,3,-1
"#Gardasil-9 Facts: More than DOUBLE the amount of #Toxic #Aluminumhttps://t.co/pjWYlSk6D0#HPV #vaccines https://t.co/iKIFXtFG7a",1,1,-1
"Have your child had a reaction following #vaccination?Report it to #VAERShttps://t.co/dWwMrke4JK #Vaccines https://t.co/LvG0IqfTzj",0,2,0
"2-month old Dies 48 hours After 8 #Vaccines: Owen's Mom Speaks Outhttps://t.co/F5qkoMKzTB#vaccines #LearnTheRisk #VaccineDeath #SIDS",1,13,-1
"DTP #vaccine + Oral #Polio vaccine given together increase mortality 5x. If DTP is given alone mortality rises 10x.https://t.co/puwxnBDe7Shttps://t.co/cQX4DEo49U#vaccines #LearnTheRisk",1,13,-1
"Nurse Whistleblower: Hospitals Vaccinating Patients Without Their Knowledgehttps://t.co/Tom3a2DSb4#vaccines https://t.co/ZVt8GxUEu3",1,6,-1
@CompersionJane @doritmi @DeniseGeltman @heyitzmemes @LilaGraceRose @Rushluver I believe the current HPV vaccine has 500mcg of Al adjuvant. https://t.co/CqA7ogFYfl,1,1,-1
Study: Vitamin D Effective in Preventing Flu Only Among Non-vaccinated Population - Read more:  https://t.co/Yw0tlCVcqx - #Vaccines #BigPharma #VitaminD #NaturalHealth #Flu https://t.co/nKNNaXKmpm,1,3,-1
"Vaccinated versus Unvaccinated Study of Mice Links Hepatitis B Vaccine to Autism#Vaccines #Autism #BigPharma #CDCWhistleblower #CDCFraudRead more: https://t.co/pudDFVwPpJ https://t.co/YxSHwQXk4O",1,4,-1
@ThisMomHCN @vaccineimpact @POTUS @VP @FLOTUS Thanks for the #retweet! Expose the Truth!,0,14,-1
"From a 10 year old,""Do you know what is in any vaccine?""",0,14,0
"Why do so many parents continue to believe that vaccines will protect their children? Is it because they haven't learned what's in them? Because if they did, in no way would they accept their child being poisoned with those shots.",1,2,-1
Now a newly developed heroin vaccine is being marketed. This is so ridiculous! The world doesn't need another toxic and experimental vaccine!!!!! Vaccines are a form of... https://t.co/O6I7dxA6Cx,1,2,-1
"MY SON GOT AUTISM AND WAS NEVER VACCINATED!HOW DID THAT HAPPEN???My son has NEVER had a vaccine in his life, however, there is a current (&amp; future!) generation of children guarded from vaccine injury by very... https://t.co/MXKcR3WYVa",1,4,-1
"Hailey's vaccine injuries started with ""...severe jaundice, eczema, absent seizures or hypotonic-hyporesponsive episodes and an overnight milk allergy. She just went downhill after each set of vaccines. She only... https://t.co/RT6ncLCn5c",1,2,-1
"Hailey's vaccine injuries started with ""...severe jaundice, eczema, absent seizures or hypotonic-hyporesponsive episodes and an overnight milk allergy. She just went downhill after each set of vaccines. She only... https://t.co/P1sskdZtF8",1,2,-1
"A new study blames anti-vaccine sentiment on the Dunning-Kruger effect.For those who aren't aware: the Dunning-Kruger effect is a cognitive bias in which low-ability individuals suffer from... https://t.co/H4WruaBpV0",1,2,-1
"Dawson Patrick-Lee Franks died 18 hours after receiving the 2 month round of vaccines. He was born on April 7, 2018 and died on June 19, 2018. :'(  His father shares;""There's no putting the right words together... https://t.co/bdHEkPjzp5",1,13,-1
"Another vaccine death in utero from the DTap vaccine. My heart breaks for this Momma!! Doctors need to start being held accountable for these deaths. _ªêÓThey are the ones who are pushing these untested poisons and... https://t.co/DwfNsFWdbH",1,2,-1
"Jakob would be celebrating his 11th birthday today if he didn't die from a severe vaccine reaction after getting the 2-month vaccines. :'(""My Jakob Wright Richardson 7/11/07-9/20/07 died 2.5 days after his first... https://t.co/VykSQXPxLt",1,2,-1
The World Health Organization's blatant attempt to cover up vaccine-induced harms... https://t.co/DdbP4CtFG7,1,6,-1
"""Today marks the 8th anniversary of our daughter_Ñés death, following her six-month vaccines. Here_Ñés our story.We were blessed with a daughter when our son was five-years-old. She was beautiful-a little doll. When... https://t.co/mdf0O0VzgO",1,13,-1
"Here is another reason not to vaccinate. Vaccines are harming the pineal gland in the brain. This is occurring in pets and other animals too, not just in humans.""Today, the pineal gland is... https://t.co/ZNpdp5p5RL",1,2,-1
"Mandatory vaccinations: Italian parents will no longer need to provide doctor's notehttps://t.co/VaOhCI6xc2 https://t.co/VaOhCI6xc2",1,14,-1
"In Louisiana, another infant has died following routine vaccinations. Aysia Hope Clark was born nearly a month and a half premature. When she was six weeks old, her doctor detected a heart murmur. He... https://t.co/pOSWlGYRQj",1,13,-1
But they want us to think the corruption ends with vaccines because they love our children... https://t.co/Kl2vviAjXc,1,6,-1
"True story.A mother and father were informed how harmful vaccines are but still choose to not do the research and trust they are safe. We just learned their daughter received the 5 year vaccinations (DTaP, MMR and... https://t.co/kiVF8wm1lX",1,2,-1
"So many parents that lost their baby to vaccines will tell you this. :'(""People have asked me what's it like to live life with a deceased child because they ""just can't fathom""... Well let me do my best to... https://t.co/Wx5G40ThbT",1,13,-1
"Instead of recalling the dangerous HPV vaccine sold by Merck, Merck Receives FDA Priority Review to Expand Dangerous Gardasil Vaccine to... https://t.co/qFBTOPIhdh",1,6,-1
Update on Dr. Bob Sears legal case that began because he wrote medical vaccine exemptions for children that suffered from vaccines previously given to them. We appreciate his efforts not to remain silent on this huge issue. https://t.co/ZI6kD6QL8e,1,2,-1
Want to hear what it was like for someone who refused the Hepatitis B vaccine for their 2-hour old infant? Here's a story you won't believe.... https://t.co/x435HDGTdX,1,6,-1
"The Hepatitis B vaccine given at birth triggers instant brain inflammation in mice. What do you think this does to the brains of human babies?""From my friends at https://t.co/YuqmPTx7Q9""Attached is an important new... https://t.co/RgqlHjJOGv",1,2,-1
Notice that most on this list are vaccine induced injuries... Parents better research these vaccines before their child gets injured from them. This goes for adults getting... https://t.co/zutuFnhMOf,1,2,-1
"We just learned of another baby that died after getting vaccinated. :'(At nearly four months old, Kaleo passed away on May 14th, 2016. He had received his first set of vaccinations only the day before._ÑÒKaleo_Ñés... https://t.co/CoOpaFXmgV",1,13,-1
"Vaccines Will be Made from Human Cancer Tumors""...the method of producing vaccines using cells that are derived directly from human cancer tumors has been approved even though the vaccines may induce cancer... https://t.co/QmN4PQg2Q9",1,1,-1
"Vaccines killed my daughter. This video features Hope Clark, the mother of a preemie daughter killed from vaccines at the age of 2 months old. :'( https://t.co/OPk5GO4Qmu",1,13,-1
"Vaccines are triggering babies brains to swell and vaccine makers are being protected from liability.""Encephalopathy is a term for any infection or other type of condition that changes brain function or... https://t.co/3DwNPNrm0w",1,2,-1
"No pro-vaccine person can provide data proving any vaccine is safe or effective, because the data doesn't exist and has been intentionally avoided. There are no human injection studies done on nearly every... https://t.co/cqOIdQNXUj",1,2,-1
"Baby Dawson just passed away, just 18 hours after receiving the eight vaccine doses two-month old babies receive.This is so tragic. The preliminary autopsy ruling is SIDS and the vaccines were intentionally not... https://t.co/cwbhLWbm6F",1,13,-1
"""Visit our website to learn more: https://t.co/d97tzx4OlB#ProFactsNotAntiVax #vaccines #vaccinesafety #health #parenting"" https://t.co/ivt6er98ln",0,2,0
"Doctors outraged over anti-vaccination billboardIt's ironic a simple question about vaccines is so ridiculed by those in support of them. They don't want the public to... https://t.co/DU9vEQWpG5",0,14,0
"A mother asks,""Where do I start on learning on if I should or should not vaccinate ? And am I too late ..my daughter  has been vaccinated up to her 12 month checkup but she got very sick after . . Now I dont know... https://t.co/Sx638bgAeh",1,2,-1
"Want to get involved with vaccine choice organizations in your country? Go to the European Forum for Vaccine Vigilance: https://t.co/pNt7LQNSXJ#Physicians4InformedConsent#PICphysicians https://t.co/90FOx58tnd",0,14,-1
"REVEALED: Why Kat Von D won't vaccinate!https://t.co/vivRzZ6dHp https://t.co/ElIxsgD6kB",1,2,-1
"Most parents against vaccines used to be pro vaccine.Sandra Lee shares,""I myself used to be one of the horribly Miss guided and uneducated parents that stuck these needles full of toxins and poisons in to my... https://t.co/3IS38hhEDS",1,2,-1
"This is a collection of posts by women who have lost their babies after getting the flu or Tdap vaccine...https://t.co/bOwpcfN5gI https://t.co/SgJ97sliwU",1,13,-1
"Sad news todayA hero has passed away too soonErwin Alber was a real force in the _ÑÉanti_Ñ?vaccine world he was brave and highly educated and founded The Vaccination information Network which is a huge group on... https://t.co/idyEnZJxma",1,14,-1
"We want to send our gratitude towards Sallie O. Elkordy, for all she is doing to help stop mandatory vaccinations. Vaccine free is the way to be!""Last night I hit the streets of NYC with my P-O-L-I-S-H banner in... https://t.co/e4vNbnDDeg",0,14,-1
"Words from a death certificate clerk about vaccine related deaths and how they are covered up.""This is very, very important. As a death certificate clerk, I do way too many fetal death certificates and the... https://t.co/VJelNngq7P",1,6,-1
"This is how vaccine researchers obtain fetal tissue and organs from human fetuses, to develop vaccines. This has been going on for a long time and the public has only recently begun to realize this truth on a... https://t.co/GXhPQB2HBZ",1,1,-1
"Hundreds of thousands of people live in moldy environments with their young children getting vaccinated. It is well known that mold causes illnesses and if a child is vaccinated that lives or goes to school in a moldy environment,... https://t.co/WEl7WPuezK",1,2,-1
"""When I was a boy nobody was making money on vaccines. In fact, some of the vaccines that I got didn't even have patents. It was almost a civic duty for the pharmaceutical industry.Beginning in 1987, suddenly... https://t.co/gkHzIx0tGL",1,6,-1
For over 100 years the dangers of vaccines has been known. https://t.co/01IIH3XTLZ,1,2,-1
"Eating cucumbers can prevent disease, not vaccines. https://t.co/CCfGRpO5vr",0,3,-1
"""China_Ñés acceptance of the Gardasil vaccine is the exact opposite of how most other countries of the world are treating the vaccine, as lawsuits increase outside the U.S.,... https://t.co/7Gk6Lg916P",1,2,-1
"Marjorie's young son Nicholas died from vaccine induced injuries to his brain. She shares her vaccine exemption form she filed, for her other child still living. Parents can research their states vaccine exemption... https://t.co/qQQVgJd9Ba",1,2,-1
"@katelucywhitham @Charbrevolution @DoctorChristian In fact it's more likely vaccines prevent SIDS, as science shows: https://t.co/cnC1nMn4zH",0,13,1
"LOVE this!#vaccineswork https://t.co/wkE8Uxp9ds",0,3,1
"Not that anti-vaxxers care about actual facts...#vaccineswork #autism https://t.co/hVdyZwKCn2",0,4,1
Terrific that the #Ebola outbreak in the DRC is under control. Hopefully the new Ebola vaccine will help prevent future outbreaks: https://t.co/Hk0kxWCTUc,0,3,1
"On a hunch, the woman's doctor tried an unorthodox approach to treat her advanced skin cancer -- she injected each tumor with Gardasil, the HPV vaccine. The result: All the tumors completely disappeared. https://t.co/ICWmNeJrlb https://t.co/IbVjB3Ef8d",0,3,1
"While most cancers cannot be prevented, cancers caused by HPV can be. Learn more about the HPV vaccine and how it can protect your child. #preventcancer #VaccinesWork #HPVvax https://t.co/a9zH52cNtD https://t.co/vxxtGfr60J",0,3,1
"Two measles cases in Dublin. ""The best protection is to be fully vaccinated with two doses of MMR (Measles, Mumps, and Rubella) vaccine\xe2\x80\x9d Dr Helena Murray, Specialist in Public Health Medicine https://t.co/qXQq08ShRq https://t.co/BA10ecqZZf",0,3,1
123 million children were immunized last year &amp; other fast vaccine facts from @UNICEF  https://t.co/1yyxI1BgS6 #vaccineswork https://t.co/bXdffCzVtT,0,14,0
HPV vaccine to be extended to boys as girls-only approach 'leaves gay men at risk' https://t.co/rZhdoKAAcF,1,14,-1
Experts say giving boys the HPV vaccine is cost effective. Read our news digest for more: https://t.co/P18cZGjNWB https://t.co/yXmvKIODvq,0,3,1
Did you know #HPV infections can cause six types of #cancer? Getting the HPV vaccine for your child now is better than treating an HPV cancer later in life. https://t.co/SGF4XALa9b https://t.co/EO5ZvXJTQq,0,3,1
Measles can cause serious harm to young adults who haven't had the MMR vaccine. Speak to your GP to ensure your child is up to date. Read more here: https://t.co/JbqJFhxqSo https://t.co/whmGHQBRI7,0,3,1
Here is a family that provides a great example of how anti-vaccination puts innocent lives at great risk. Son is too young for MMR vaccine (so if he's exposed he has a 90% chance of measles). Daughter has cancer &amp; cannot receive vaccines.\n#txlege\nhttps://t.co/B1Yw1SPyCV,0,3,1
"Texas is the new California. When the outbreaks hit, they\'ll probably hit there first and hardest. Antivaxers have successfully conflated ""vaccine choice"" with ""freedom"" and thus recruited anti-regulation small government conservatives on their side. https://t.co/b0y5A4h9uQ",0,3,1
HPV vaccine\xe2\x80\x99s extraordinary benefits now have more proof:  https://t.co/eXUz0PSr8i https://t.co/NnzYcbPfhb,0,3,1
#Ebola virus disease and the game-changing vaccine.... \nICYMI\nhttps://t.co/whGu69IZ5W via,0,3,1
"More parents are opting against vaccinating their children, according to new state data showing nearly 57,000 students claimed at least one non-medical exemption from otherwise mandatory shots. From @HoustonChron: https://t.co/dyp7yqRaDB",0,14,-1
"Overconfidence due to ignorance is known as the Dunning-Kruger effect. It is a reason why some people retain their misconceptions about vaccines, according to Matthew Motta of @APPCPenn in @ConversationUS. https://t.co/lKV8Kx4l0V https://t.co/grnkAbl5OD",0,14,0
Terrific that the #Ebola outbreak in the DRC is under control. Hopefully the new Ebola vaccine will help prevent future outbreaks: https://t.co/Hk0kxWCTUc,0,3,1
"RT @DeshGujarat: 577 children were given MR vaccine in Khodam village near Idar. While 576 of them are healthy, one Sneha Rathod died next\xe2\x80\xa6",0,2,0
"Can you recommend anyone for this #job in #VirginiaBeach, VA? https://t.co/REX2MzzyQH #Pharmaceutical #Hiring #CareerArc",2,14,0
RT @HealthRanger: Kidney doctor who sounded the alarm on vaccine damage was targeted for murder when the brake lines of her vehicle were se\xe2\x80\xa6,0,14,0
RT @InaReformina: PAO backs filing of 11th criminal case before DOJ over Dengvaxia anti-dengue vaccine mess. Complainant is Rowena Villegas\xe2\x80\xa6,0,14,0
RT @NphcdaNG: Going above and beyond..\nThis is what it takes to reach every child with vaccine. \nHere\xe2\x80\x99s @CarinaPrakke and team crossing a r\xe2\x80\xa6,0,14,0
b'@LotusOak Can we sue the vaccine makers even though Congress has laws to protect them?',0,14,-1
RT @LotusOak: Yale University Study Shows Association Between #Vaccines &amp; Brain Disorders\n\nhttps://t.co/2DdUevUlI9\n\n#LearnTheRisk https://t\xe2\x80\xa6,1,2,0
RT @LotusOak: Will Employees Be Penalized for Opting Out of Workplace #Vaccines?\nOppose Bill HR 1313!\n\nhttps://t.co/RgF0RL4VDs https://t.co\xe2\x80\xa6,0,14,0
RT @MaxCRoser: Much of the reduction of child deaths in the last generation was achieved because of a reduction of deaths caused by vaccine\xe2\x80\xa6,1,2,0
"RT @HSELive: Two measles cases in Dublin. ""The best protection is to be fully vaccinated with two doses of MMR (Measles, Mumps, and Rubella\xe2\x80\xa6",0,3,1
"b'@CompersionJane @rugbyrhino16 @mcfunny @chrisvcsefalvay @WendyOrent @BlueLionBlog @EmmaGPaley @djt10 @doritmi @janem1276 @toppediatrician @VeritasEver @viva__lala @lifebiomedguru @Apotheosis1974 @Bibimunoz67 @Whats_The_Harm @mmelgar09 @ProAntiVaxxer @jkellyca @GeoffSchuler @Gardeniagal4 @sarah_sxlxp @kenjaques @DansMonkeyShack @fiski70 @maunablissed @babyname_maven @thereal_truther @RightWingBlack2 @Just4TheCause @Somemyrrh @PharmaNemesis @Joshua1_5 @ghoppe @andre__levy @VaccineUK @LiamKav @LynnleeMavakay @quietlynowshhh @KitemanArgues @Playerking95 @skepticalraptor @Melissa232220 @PileOfGoop @werewecrooked @kidsdoc1962 @and_kell @thejournal_ie @bmj_latest Why would #FDA #hpv #vaccine approval letter indicate gardasil 9 manufactured by #MSD, outside the US &amp; Canada? Odd. https://t.co/PbidSa00HM'",0,6,0
RT @CR_UK: Experts say giving boys the HPV vaccine is cost effective. Read our news digest for more: https://t.co/P18cZGjNWB https://t.co/y\xe2\x80\xa6,0,3,0
"RT @WebMD: On a hunch, the woman's doctor tried an unorthodox approach to treat her advanced skin cancer -- she injected each tumor with Ga\xe2\x80\xa6",0,3,1
"RT @djt10: ""...the Salk polio vaccine was said to carry a monkey retrovirus (from  cultivating the vaccine on monkey organs) that produces\xe2\x80\xa6",0,14,0
"RT @PeterHotez: NEW: Awful rise of #Texas pediatric non-medical #vaccine exemptions (courtesy @Immunize_USA). Now 56,000+ the numbers don't\xe2\x80\xa6",0,14,0
If you wanna.... Con THE VACCINES en el @fiberfib #FIB2018 https://t.co/XVZVwhAkZa,0,14,-1
HPV vaccine to be extended to boys as girls-only approach 'leaves gay men at risk' https://t.co/rZhdoKAAcF,1,14,0
Here is a family that provides a great example of how anti-vaccination puts innocent lives at great risk. Son is too young for MMR vaccine (so if he's exposed he has a 90% chance of measles). Daughter has cancer &amp; cannot receive vaccines.\n#txlege\nhttps://t.co/B1Yw1SPyCV,0,3,1
Joining today\xe2\x80\x99s show is investigative reporter Jon Rappoport (https://t.co/eDLceeFH3N) exposing the dangers of vaccines &amp; toxic SJW culture.  \n\nTune in: https://t.co/OQtch0tDED &lt;&lt;\n#infowars #AlexJonesShow #1A #USA https://t.co/Cje1TWhev0,1,2,-1
"NEW: Bill Shine\'s wife Darla had a radio show on 100 stations where he said women in the military should expect sexual harassment, said sunscreen was ""a hoax,"" said vaccines cause autism, and claimed the flu pandemic should be a government conspiracy. \nhttps://t.co/XxHP4MEd0I https://t.co/PSzvAVXFJY",1,4,-1
"Vaccine-derived polio is spreading in the DRC. With a high risk of the virus moving across borders, it's critical to continue delivering vaccines to protect children and contain the outbreak. #EndPolio\n\n[\xf0\x9f\x93\xb0: @Telegraph]\nhttps://t.co/AIYfdLFquj",0,3,1
Elle MacPherson is dating THE doctor that did the sham study linking vaccines to autism wtf https://t.co/T71NIasYib,1,4,1
"The Vaccines for Children Program helps provide vaccines to all WV children whose parents or guardians may not be able to afford them. If you don\xe2\x80\x99t have insurance or if it does not cover vaccines, your child may be eligible. Call 1-800-642-3634 or visit https://t.co/vplWUPGswu. https://t.co/qJzGvQn7FT",0,14,1
Calls grow for vaccines against all strains of #meningococcal disease to be made more easily accessible to all Tasmanians  https://t.co/GLTol5PI47,0,14,1
The best way to combat stupid people is to beat them at their own game. Think the earth is flat? There is no earth. Moon landings were fake? There is no moon. Vaccines cause autism? Children don't exist. Next.,1,4,1
"Shine also said there was ""rumors"" FEMA had concentration camps for those with the flu, the government would break down doors to force vaccinations, said vaccines made children sicker to make money for big pharma.\n\nhttps://t.co/XxHP4MEd0I",1,6,-1
"Andrew Wakefield, the disgraced quack who triggered a global health crisis by spreading lies about vaccines and #autism, is being embraced by Trump's America. https://t.co/aw9fV0xBUz",1,4,1
"The rich people aren\'t vaccinating their children.\n\nLook at this report.\n\nMajor rich liberal counties and schools, with high non-vaccination rates.\n\nThose celebs calling out ""anti-vaxxers,"" yeah, they are lying. \n\nThey have different rules for themselves!\n\nhttps://t.co/hwGuxa1VP3",1,14,-1
Shine also called vaccines unconsitutional and said armed resistance might be needed against the swine flu vaccine.\n\nhttps://t.co/XxHP4MEd0I https://t.co/lphy0XUVT1,0,14,-1
"RT @kiersten_lenise: Vaccines. don\xe2\x80\x99t. Cause. Autism. And even if they did, you\xe2\x80\x99d rather your child suffer with polio or measles than need a\xe2\x80\xa6",1,4,1
RT @HealthRanger: Kidney doctor who sounded the alarm on vaccine damage was targeted for murder when the brake lines of her vehicle were se\xe2\x80\xa6,0,14,0
RT @alfredoduro1: If you wanna.... Con THE VACCINES en el @fiberfib #FIB2018 https://t.co/XVZVwhAkZa,0,14,-1
The Vaccines - If You Wanna https://t.co/ICfhImDzXx v\xc3\xada @YouTube,0,14,0
RT @LotusOak: Yale University Study Shows Association Between #Vaccines &amp; Brain Disorders\n\nhttps://t.co/2DdUevUlI9\n\n#LearnTheRisk https://t\xe2\x80\xa6,1,2,0
"b'@Cernovich I am loving that your are bringing up the topics the media suppresses ie vaccines, pedo rings etc. keep up the good work. #humanity'",1,6,-1
RT @LotusOak: Will Employees Be Penalized for Opting Out of Workplace #Vaccines?\nOppose Bill HR 1313!\n\nhttps://t.co/RgF0RL4VDs https://t.co\xe2\x80\xa6,0,14,0
"b""@JulieM_273 Is that what they told you, amt of mercury had 'potential' to exceed limits, and you believed that? Mercury has been in #vaccines since '30s, effects of which have never been tested - and they're never gonna. #edu #vaxxed #hpv #PublicHealth NO #vaccineswork https://t.co/Jw5Aq1Wkqe""",1,1,1
"b'RT @KalebAHarmon: Let\xe2\x80\x99s say, in a completely hypothetical world, that vaccines did cause autism. How is autism worse than measles, HPV, and\xe2\x80\xa6'",1,4,1
b'RT @SilentSpring05: WARNING! The Purdue Vaccination Studies And Auto-Antibodies. #Vaccines are not safe! #dogs #pets #cancer https://t.co/S\xe2\x80\xa6',2,14,-1
b'RT @alfredoduro1: If you wanna.... Con THE VACCINES en el @fiberfib #FIB2018 https://t.co/XVZVwhAkZa',0,14,-1
b'RT @OrganicLiveFood: #Cancer-causing #mercury based #preservative Thimerosal (linked 2 #autism) might be removed from #vaccines: https://t.\xe2\x80\xa6',1,1,0
"Flu vax is made to order each year. Once it's gone, it's gone!\n\nHelp us make sure we have enough for your employees...\n\nTell us now approx how many vaccines you think you'll need, with no obligation at this time. https://t.co/8dp3P3JnWW\n\n#fluvaccine #vaccinate https://t.co/DtLzPtIuGX",0,14,1
#Cancer-causing #mercury based #preservative Thimerosal (linked 2 #autism) might be removed from #vaccines: https://t.co/IMqiNPvjbv,1,1,-1
RT @DaTechGuyblog: Forcing the use of aborted babies in\xc2\xa0vaccines https://t.co/sgxMbrXCu3 https://t.co/oXgrIUXzqQ,1,1,-1
"Every year, over 1.5m child deaths could be avoided through vaccination. \n\nThis little one holds up her vaccination card in Yemen. \n\n#VaccinesWork https://t.co/D1g04M4vLL",0,3,1
One of the first assignments at CBS I got to cover vaccination (which I knew nothing about!) was surrounding the death of a female soldier (attributed to her vaccinations). The military finally acknowledged it. I learned a lot. #RabbitHole #Propaganda https://t.co/lVKmijUp4Y,1,2,-1
"Vaccinations save lives. \n\nA @NSWLabor Government will allow pharmacists to vaccinate for measles, mumps, rubella, diphtheria, tetanus &amp; whooping cough. \n\nThis will boost vaccination rates &amp; improve public health. https://t.co/W6SXshMkHO",0,3,1
Here is a family that provides a great example of how anti-vaccination puts innocent lives at great risk. Son is too young for MMR vaccine (so if he's exposed he has a 90% chance of measles). Daughter has cancer &amp; cannot receive vaccines.\n#txlege\nhttps://t.co/B1Yw1SPyCV,0,2,1
Are your children \xe2\x80\x9cfully vaccinated\xe2\x80\x9d according to the current vaccination schedule?,0,14,0
Good move by Scottish Government to introduce HPV vaccination for boys \nhttps://t.co/HaS6eGqDbw,0,14,0
"""It\'s about driving vaccination rates up in the community."" - @Luke_FoleyNSW. A Labor state government would increase the range of vaccinations available through pharmacies, the opposition says. #nswpol #7News https://t.co/YZwAC4sQvq",0,14,0
Smashed it. Victoria now has the highest vaccination rate of anywhere in the country. 95.7 per cent of five-year-olds are fully protected \xe2\x80\x93 and we're not going back. https://t.co/8B49GQnSUS,0,14,1
"Every year, over 1.5m child deaths can be avoided through vaccination. \n\nThis little one holds up her vaccination card in Yemen. \n\n#VaccinesWork https://t.co/cZtQKtH6OV",0,2,1
"Children and pregnant Women were given vaccination to provide them with better health facilities in Amethi, Uttar Pradesh under #MissionIndradhanush #groundreport @MoHFW_INDIA @JPNadda @PIB_India @MIB_India https://t.co/HRN406Scpt",0,14,1
"California has some of the strongest mandatory vaccination laws in the country. But a rising number of parents are seeking medical exemptions, risking an outbreak. \n\nAt one Northern California school, 58% of kindergarteners are exempted. https://t.co/LrdmrhT0iJ https://t.co/G1AJQLHSZw",0,14,1
Meningococcal B can be a devastating disease.Too many families have seen this first hand. It\xe2\x80\x99s also fully preventable with a vaccination. Last year I wrote to Turnbull seeking action to get the vaccine available to our kids. Today I\xe2\x80\x99ve written again. https://t.co/k8mZ2ePxxQ,0,14,1
Launched state-wide Measles-Rubella vaccination drive from Gandhinagar. #MRVaccination https://t.co/ALL3NUSu1H,0,14,1
"Vaccination is an important part of managing #diabetes. Do you know the recommended vaccines for adults living with diabetes, such as the new #shingles vaccine? https://t.co/u7VRmv57Jk https://t.co/c88tAYSdAd",0,2,1
Vaccination seems like a set up to me. https://t.co/a0BkIPNTnY,0,14,0
RT @HPVAction: It's been a momentous week! JCVI recommended HPV vaccination for boys. @scotgov &amp; @WelshGovernment immediately said they wou\xe2\x80\xa6,0,14,1
RT @maulikdr: Here is what #Parents can do to reduce anxiety prior to vaccination in #MRVCGujarat #MRCampaign @kumarmanish9 @abhisheksinghD\xe2\x80\xa6,0,14,0
RT @SilentSpring05: WARNING! The Purdue Vaccination Studies And Auto-Antibodies. #Vaccines are not safe! #dogs #pets #cancer https://t.co/S\xe2\x80\xa6,2,2,-1
MSF Helps Fill Vaccination Gap in War-Torn CAR https://t.co/wQH9dwiDTD via @YouTube,0,14,1
"RT @ImmunizedotCa: Provincial and Territorial Routine Vaccination Programs for Healthy, Previously Immunized Adults | @GovCanHealth | https\xe2\x80\xa6",0,14,1
"Shira is this sweet cat of almost 3 years old currently residing with tens of other cats in a dog shelter near Bucharest, Romania. \nPease help Shira pay for her vaccination (26 Euro needed. paypal:... https://t.co/atddnmSVrd",2,14,1
Vaccination against FIV helps in preventing the disease. https://t.co/Pk2rk4zORJ #cats #feline #felinevirus #virus,2,14,1
"RT @UNICEF: Every year, over 1.5m child deaths could be avoided through vaccination. \n\nThis little one holds up her vaccination card in Yem\xe2\x80\xa6",0,2,1
"b""@Paquita_337 one in question, vaccination could have saved many lives. Of course, the vaccine didn't exist back then, which is why smallpox could be used as a biological weapon.""",0,2,1
b'@EmmaGPaley @doritmi @t3tragrammat0n @mcfunny @thereal_truther @LynnleeMavakay @WendyOrent @VeritasEver @fiski70 @maunablissed @Just4TheCause @BlueLionBlog @janem1276 @toppediatrician @viva__lala @lifebiomedguru @chrisvcsefalvay @Apotheosis1974 @Bibimunoz67 @Whats_The_Harm @mmelgar09 @ProAntiVaxxer @jkellyca @GeoffSchuler @Gardeniagal4 @sarah_sxlxp @kenjaques @DansMonkeyShack @babyname_maven @rugbyrhino16 @RightWingBlack2 @Somemyrrh @PharmaNemesis @Joshua1_5 @ghoppe @andre__levy @VaccineUK @LiamKav @itsmepanda1 @quietlynowshhh @KitemanArgues @Playerking95 @skepticalraptor @Melissa232220 @PileOfGoop @werewecrooked @kidsdoc1962 @and_kell @MilanovNina @steffieschiltz https://t.co/vzTbdM0N9i\nhttps://t.co/1FxEimyUkQ\nhttps://t.co/OtCzm4Lp5i\nhttps://t.co/5DdoJNKZt2\nhttps://t.co/HByjjWbagP\nA little more on vax history for those with the courage to investigate. https://t.co/Fj29AqVjd3',0,2,1
RT @SNCCLA: Has the anti-vaccine movement affected vaccination rates? https://t.co/PekJWsk8Wn #vaxxed #vaccineswork https://t.co/qkBFtzBpqs\xe2\x80\xa6,0,14,1
"YES YES YES.\nAs someone who almost died of measles at 17, believe me when I say: VACCINATE - YOUR - CHILDREN. https://t.co/Q1JLRi3LAO",0,2,1
"This invention keeps vaccines cold without power for at least five days, and is helping to vaccinate vulnerable people in the Democratic Republic of the Congo https://t.co/XIbmlRJglp @gatesfoundation #vaccineswork https://t.co/uAxRwfIWdI",0,14,1
Australia fines parents who don\xe2\x80\x99t vaccinate kids. Should Canada? https://t.co/PuvX0LG7Tc,0,14,1
The liberals who tell you to vaccinate their children? \n\nYeah. \n\nThey aren\xe2\x80\x99t vaccinating their own. https://t.co/hwGuxa1VP3,0,14,0
VACCINATE YOUR CHILD YOU PIECES OF CRAP O\xcc\xb6R\xcc\xb6 \xcc\xb6K\xcc\xb6E\xcc\xb6E\xcc\xb6P\xcc\xb6 \xcc\xb6T\xcc\xb6H\xcc\xb6E\xcc\xb6M\xcc\xb6 \xcc\xb6A\xcc\xb6T\xcc\xb6 \xcc\xb6H\xcc\xb6O\xcc\xb6M\xcc\xb6E\xcc\xb6 \xcc\xb6A\xcc\xb6W\xcc\xb6A\xcc\xb6Y\xcc\xb6 \xcc\xb6F\xcc\xb6R\xcc\xb6O\xcc\xb6M\xcc\xb6 \xcc\xb6B\xcc\xb6A\xcc\xb6B\xcc\xb6I\xcc\xb6E\xcc\xb6S\xcc\xb6 \xcc\xb6W\xcc\xb6H\xcc\xb6O\xcc\xb6 \xcc\xb6A\xcc\xb6R\xcc\xb6E\xcc\xb6 \xcc\xb6T\xcc\xb6O\xcc\xb6O\xcc\xb6 \xcc\xb6Y\xcc\xb6O\xcc\xb6U\xcc\xb6N\xcc\xb6G\xcc\xb6 \xcc\xb6T\xcc\xb6O\xcc\xb6 \xcc\xb6B\xcc\xb6E\xcc\xb6 \xcc\xb6V\xcc\xb6A\xcc\xb6C\xcc\xb6C\xcc\xb6I\xcc\xb6N\xcc\xb6A\xcc\xb6T\xcc\xb6E\xcc\xb6D\xcc\xb6\nhttps://t.co/mds1MuTgCE,0,14,1
Parents who choose not to vaccinate put their children and others at risk of preventable disease. This tool helps #health professionals communicate these risks and responsibilities: https://t.co/PP46n1N18r #VaccinesWork #WhyIVax https://t.co/VTxJoP9Vsc,0,14,1
#DYK: Over 95% of human deaths due to #rabies occur in the #Asia and #Africa regions.\n\nRabies is a vaccine-preventable disease. Vaccinate your dog \xf0\x9f\x90\x95. Stop dog to human transmission of rabies. https://t.co/VfwPxJluwk https://t.co/rTRPJS4okk,2,3,1
You are too stupid to follow me. I linked to an article ABOUT LIBERALS in California who do not vaccinate despite telling others to. I said nothing about my own choices. https://t.co/jhHNNyYlN2,1,3,-1
Scotland to become first part of UK to vaccinate boys against HPV\n\nFull story: https://t.co/GqHsPutHir\n\n@theipaper #HPV #HPVvaccine @JoeFitzSNP https://t.co/huu1yZTHws,0,14,1
Should Canadian parents be fined if they choose not to vaccinate their kids?  https://t.co/qDsysdtESe,0,14,1
"The armed conflict in #SouthSudan has undermined the country\xe2\x80\x99s veterinary services, affecting communities that depend on these animals for their survival. We have identified a need to vaccinate 60,000 animals, benefitting 30,000 people in surrounding areas of Udier, Upper Nile. https://t.co/FgB1opoua7",2,14,1
RT @Nonsensicole: Today I learned that some parents refuse to vaccinate their teenage daughters against HPV because they worry that it will\xe2\x80\xa6,0,14,0
"RT @himynameisaine: JUST GET VACCINATED, GET YOUR KIDS VACCINATED, TELL OTHER PEOPLE TO VACCINATE, FOR GOD'S SAKE https://t.co/RC9vejiAML",0,14,1
b'RT @Nonsensicole: Today I learned that some parents refuse to vaccinate their teenage daughters against HPV because they worry that it will\xe2\x80\xa6',0,14,0
"RT @vanbadham: YES YES YES.\nAs someone who almost died of measles at 17, believe me when I say: VACCINATE - YOUR - CHILDREN. https://t.co/Q\xe2\x80\xa6",0,2,1
"Flu vax is made to order each year. Once it's gone, it's gone!\n\nHelp us make sure we have enough for your employees...\n\nTell us now approx how many vaccines you think you'll need, with no obligation at this time. https://t.co/8dp3P3JnWW\n\n#fluvaccine #vaccinate https://t.co/DtLzPtIuGX",0,14,1
RT @Ayyeexitsalison: BrUh I\xe2\x80\x99M FUCKING DEAD \xf0\x9f\x98\x82\xf0\x9f\x98\x82 vaccinate ya damn kids https://t.co/69Yna5uqEP,0,14,1
RT @UnmeshDr: Every #parents have responsibilities that #vaccinate #child and #prevent your #child and #communitychild from deadly disease\xe2\x80\xa6,0,14,1
RT @ASassyMermaid: A baby died in Oklahoma this week from meningitis. He was 4 months old and caught it from an older child who WASNT VACCI\xe2\x80\xa6,0,14,1
"RT @himynameisaine: JUST GET VACCINATED, GET YOUR KIDS VACCINATED, TELL OTHER PEOPLE TO VACCINATE, FOR GOD'S SAKE https://t.co/RC9vejiAML",0,14,1
RT @Nonsensicole: Today I learned that some parents refuse to vaccinate their teenage daughters against HPV because they worry that it will\xe2\x80\xa6,0,14,0
RT @ninawowp: Just having an extension of this conversation: \n\nLast year my  1yr old had 3 hospital stays;  2 in the ICU. She has asthma. T\xe2\x80\xa6,0,2,1
"This makes me so mad... vaccinate your kids, people! \xf0\x9f\x98\xa1 https://t.co/1CSU96pUx8",0,14,1
b'@FleaBagLady @DoctorChristian Ps I vaccinate my kids -my son was brain damaged so I consider myself to be an ex-vaxxer.\nStudies also prove that the unvaccinated children have lower rates of autism and adhd - how many more kids have to be harmed. It is mainly boys too. As oestrogen is more protective of brain',1,4,-1
"\xe2\x80\x9cCROPPING DOGS ESRS IS ANIMAL CRUELTY\xe2\x80\x9d \n\nYells the person who doesn\xe2\x80\x99t vaccinate her child, and Pinterest ideas of a nose job, boob job, and butt job",0,14,0
,313,,